timestamp,method,client_ip,path,query,TestID,RunSetID,UserAgent,Referer,Headers
2025-10-23T22:41:13.651512+00:00,GET,2604:2a00:ffd1:3060:a5dd:6238:e2f5:9b80,test-connection,{},test-connection,,curl/8.7.1,,"{""Host"": ""raylene-noncircuited-unfeasibly.ngrok-free.dev"", ""User-Agent"": ""curl/8.7.1"", ""Accept"": ""*/*"", ""X-Forwarded-For"": ""2604:2a00:ffd1:3060:a5dd:6238:e2f5:9b80"", ""X-Forwarded-Host"": ""raylene-noncircuited-unfeasibly.ngrok-free.dev"", ""X-Forwarded-Proto"": ""https"", ""Accept-Encoding"": ""gzip""}"
2025-10-23T22:42:40.018301+00:00,GET,127.0.0.1,test-local,{},test-local,,curl/8.7.1,,"{""Host"": ""127.0.0.1:8000"", ""User-Agent"": ""curl/8.7.1"", ""Accept"": ""*/*""}"
2025-10-23T22:42:50.136741+00:00,GET,2604:2a00:ffd1:3060:a5dd:6238:e2f5:9b80,html-001-basic.gif,"{""run"": ""f0c2a3d3-5cd5-46ee-9b25-be676bdf0284""}",html-001-basic.gif,f0c2a3d3-5cd5-46ee-9b25-be676bdf0284,curl/8.7.1,,"{""Host"": ""raylene-noncircuited-unfeasibly.ngrok-free.dev"", ""User-Agent"": ""curl/8.7.1"", ""Accept"": ""*/*"", ""X-Forwarded-For"": ""2604:2a00:ffd1:3060:a5dd:6238:e2f5:9b80"", ""X-Forwarded-Host"": ""raylene-noncircuited-unfeasibly.ngrok-free.dev"", ""X-Forwarded-Proto"": ""https"", ""Accept-Encoding"": ""gzip""}"
2025-10-23T22:44:25.563869+00:00,GET,2604:2a00:ffd1:3060:a5dd:6238:e2f5:9b80,test-new-tunnel,{},test-new-tunnel,,curl/8.7.1,,"{""Host"": ""raylene-noncircuited-unfeasibly.ngrok-free.dev"", ""User-Agent"": ""curl/8.7.1"", ""Accept"": ""*/*"", ""X-Forwarded-For"": ""2604:2a00:ffd1:3060:a5dd:6238:e2f5:9b80"", ""X-Forwarded-Host"": ""raylene-noncircuited-unfeasibly.ngrok-free.dev"", ""X-Forwarded-Proto"": ""https"", ""Accept-Encoding"": ""gzip""}"
2025-10-24T00:19:33.814661+00:00,GET,127.0.0.1,test-local,{},test-local,,curl/8.7.1,,"{""Host"": ""127.0.0.1:8000"", ""User-Agent"": ""curl/8.7.1"", ""Accept"": ""*/*""}"
2025-10-24T00:19:35.068326+00:00,GET,2604:2a00:ffd1:3060:a9d7:d26c:b483:f0c1,test-ngrok,{},test-ngrok,,curl/8.7.1,,"{""Host"": ""raylene-noncircuited-unfeasibly.ngrok-free.dev"", ""User-Agent"": ""curl/8.7.1"", ""Accept"": ""*/*"", ""X-Forwarded-For"": ""2604:2a00:ffd1:3060:a9d7:d26c:b483:f0c1"", ""X-Forwarded-Host"": ""raylene-noncircuited-unfeasibly.ngrok-free.dev"", ""X-Forwarded-Proto"": ""https"", ""Accept-Encoding"": ""gzip""}"
2025-10-24T00:19:36.251807+00:00,GET,2604:2a00:ffd1:3060:a9d7:d26c:b483:f0c1,test-logging,"{""run"": ""50991db1-d560-4474-81c0-79f0a235f576"", ""test"": ""diagnostic""}",test-logging,50991db1-d560-4474-81c0-79f0a235f576,curl/8.7.1,,"{""Host"": ""raylene-noncircuited-unfeasibly.ngrok-free.dev"", ""User-Agent"": ""curl/8.7.1"", ""Accept"": ""*/*"", ""X-Forwarded-For"": ""2604:2a00:ffd1:3060:a9d7:d26c:b483:f0c1"", ""X-Forwarded-Host"": ""raylene-noncircuited-unfeasibly.ngrok-free.dev"", ""X-Forwarded-Proto"": ""https"", ""Accept-Encoding"": ""gzip""}"
2025-10-24T00:23:50.965854+00:00,GET,127.0.0.1,,{},,,"Mozilla/5.0 (Macintosh; Intel Mac OS X 10_15_7) AppleWebKit/537.36 (KHTML, like Gecko) Chrome/141.0.0.0 Safari/537.36",,"{""Host"": ""127.0.0.1:8000"", ""Connection"": ""keep-alive"", ""Cache-Control"": ""max-age=0"", ""sec-ch-ua"": ""\""Google Chrome\"";v=\""141\"", \""Not?A_Brand\"";v=\""8\"", \""Chromium\"";v=\""141\"""", ""sec-ch-ua-mobile"": ""?0"", ""sec-ch-ua-platform"": ""\""macOS\"""", ""Upgrade-Insecure-Requests"": ""1"", ""User-Agent"": ""Mozilla/5.0 (Macintosh; Intel Mac OS X 10_15_7) AppleWebKit/537.36 (KHTML, like Gecko) Chrome/141.0.0.0 Safari/537.36"", ""Accept"": ""text/html,application/xhtml+xml,application/xml;q=0.9,image/avif,image/webp,image/apng,*/*;q=0.8,application/signed-exchange;v=b3;q=0.7"", ""Sec-Fetch-Site"": ""none"", ""Sec-Fetch-Mode"": ""navigate"", ""Sec-Fetch-User"": ""?1"", ""Sec-Fetch-Dest"": ""document"", ""Accept-Encoding"": ""gzip, deflate, br, zstd"", ""Accept-Language"": ""en,zh-CN;q=0.9,zh;q=0.8""}"
2025-10-24T00:23:50.974038+00:00,GET,127.0.0.1,favicon.ico,{},favicon.ico,,"Mozilla/5.0 (Macintosh; Intel Mac OS X 10_15_7) AppleWebKit/537.36 (KHTML, like Gecko) Chrome/141.0.0.0 Safari/537.36",http://127.0.0.1:8000/,"{""Host"": ""127.0.0.1:8000"", ""Connection"": ""keep-alive"", ""sec-ch-ua-platform"": ""\""macOS\"""", ""User-Agent"": ""Mozilla/5.0 (Macintosh; Intel Mac OS X 10_15_7) AppleWebKit/537.36 (KHTML, like Gecko) Chrome/141.0.0.0 Safari/537.36"", ""sec-ch-ua"": ""\""Google Chrome\"";v=\""141\"", \""Not?A_Brand\"";v=\""8\"", \""Chromium\"";v=\""141\"""", ""sec-ch-ua-mobile"": ""?0"", ""Accept"": ""image/avif,image/webp,image/apng,image/svg+xml,image/*,*/*;q=0.8"", ""Sec-Fetch-Site"": ""same-origin"", ""Sec-Fetch-Mode"": ""no-cors"", ""Sec-Fetch-Dest"": ""image"", ""Referer"": ""http://127.0.0.1:8000/"", ""Accept-Encoding"": ""gzip, deflate, br, zstd"", ""Accept-Language"": ""en,zh-CN;q=0.9,zh;q=0.8""}"
